<?xml version="1.0" encoding="UTF-8"?>
<project-private xmlns="http://www.netbeans.org/ns/project-private/1">
    <editor-bookmarks xmlns="http://www.netbeans.org/ns/editor-bookmarks/2" lastBookmarkId="0"/>
    <open-files xmlns="http://www.netbeans.org/ns/projectui-open-files/2">
        <group>
            <file>file:/C:/Users/NanoBNK/Documents/Wilfried/ProjetInfo/WebSchool4/src/java/com/tsoft/web/controller/MainController.java</file>
            <file>file:/C:/Users/NanoBNK/Documents/Wilfried/ProjetInfo/WebSchool4/src/java/com/tsoft/appli/highschool/exams/service/NotesService.java</file>
            <file>file:/C:/Users/NanoBNK/Documents/Wilfried/ProjetInfo/WebSchool4/src/java/com/tsoft/appli/highschool/exams/service/NotesController.java</file>
            <file>file:/C:/Users/NanoBNK/Documents/Wilfried/ProjetInfo/WebSchool4/src/java/com/tsoft/utils/ObjectUtils.java</file>
            <file>file:/C:/Users/NanoBNK/Documents/Wilfried/ProjetInfo/WebSchool4/src/java/com/tsoft/utils/enumerations/DataLifeCycle.java</file>
            <file>file:/C:/Users/NanoBNK/Documents/Wilfried/ProjetInfo/WebSchool4/src/java/com/tsoft/web/init/SecurityRealData.java</file>
            <file>file:/C:/Users/NanoBNK/Documents/Wilfried/ProjetInfo/WebSchool4/src/java/com/tsoft/security/model/superclass/HierarchyEntity.java</file>
            <file>file:/C:/Users/NanoBNK/Documents/Wilfried/ProjetInfo/WebSchool4/src/java/com/tsoft/appli/highschool/finances/service/ReportPayment.java</file>
            <file>file:/C:/Users/NanoBNK/Documents/Wilfried/ProjetInfo/WebSchool4/src/java/com/tsoft/web/init/SecurityDemoData.java</file>
            <file>file:/C:/Users/NanoBNK/Documents/Wilfried/ProjetInfo/WebSchool4/src/java/com/tsoft/security/model/superclass/SimpleEntity.java</file>
            <file>file:/C:/Users/NanoBNK/Documents/Wilfried/ProjetInfo/WebSchool4/src/java/com/tsoft/web/controller/InitDataController.java</file>
            <file>file:/C:/Users/NanoBNK/Documents/Wilfried/ProjetInfo/WebSchool4/src/java/com/tsoft/web/controller/SearchController.java</file>
            <file>file:/C:/Users/NanoBNK/Documents/Wilfried/ProjetInfo/WebSchool4/src/java/com/tsoft/appli/highschool/service/AnneeService.java</file>
            <file>file:/C:/Users/NanoBNK/Documents/Wilfried/ProjetInfo/WebSchool4/src/java/com/tsoft/security/service/UserService.java</file>
            <file>file:/C:/Users/NanoBNK/Documents/Wilfried/ProjetInfo/WebSchool4/src/java/com/tsoft/security/http/AuthFailureHandler.java</file>
            <file>file:/C:/Users/NanoBNK/Documents/Wilfried/ProjetInfo/WebSchool4/src/java/com/tsoft/security/service/UpdateApp.java</file>
            <file>file:/C:/Users/NanoBNK/Documents/Wilfried/ProjetInfo/WebSchool4/src/java/com/tsoft/web/model/InputModel.java</file>
            <file>file:/C:/Users/NanoBNK/Documents/Wilfried/ProjetInfo/WebSchool4/src/java/com/tsoft/dao/hibernate/HibernateDao.java</file>
            <file>file:/C:/Users/NanoBNK/Documents/Wilfried/ProjetInfo/WebSchool4/src/java/com/tsoft/sql/SQLQueryService.java</file>
            <file>file:/C:/Users/NanoBNK/Documents/Wilfried/ProjetInfo/WebSchool4/src/java/com/tsoft/utils/FileUtils.java</file>
            <file>file:/C:/Users/NanoBNK/Documents/Wilfried/ProjetInfo/WebSchool4/src/java/com/tsoft/web/converter/MyPropertyFilter.java</file>
            <file>file:/C:/Users/NanoBNK/Documents/Wilfried/ProjetInfo/WebSchool4/src/java/com/tsoft/utils/web/FormUtils.java</file>
            <file>file:/C:/Users/NanoBNK/Documents/Wilfried/ProjetInfo/WebSchool4/src/java/com/tsoft/security/model/User.java</file>
            <file>file:/C:/Users/NanoBNK/Documents/Wilfried/ProjetInfo/WebSchool4/src/java/com/tsoft/web/init/RealData.java</file>
            <file>file:/C:/Users/NanoBNK/Documents/Wilfried/ProjetInfo/WebSchool4/src/java/com/tsoft/utils/enumerations/Civilite.java</file>
            <file>file:/C:/Users/NanoBNK/Documents/Wilfried/ProjetInfo/WebSchool4/src/java/com/tsoft/web/controller/FormController.java</file>
            <file>file:/C:/Users/NanoBNK/Documents/Wilfried/ProjetInfo/WebSchool4/src/java/com/tsoft/web/converter/DateConverter.java</file>
            <file>file:/C:/Users/NanoBNK/Documents/Wilfried/ProjetInfo/WebSchool4/src/java/com/tsoft/appli/highschool/model/EleveInscrit.java</file>
            <file>file:/C:/Users/NanoBNK/Documents/Wilfried/ProjetInfo/WebSchool4/src/java/com/tsoft/security/model/superclass/AuditEntity.java</file>
            <file>file:/C:/Users/NanoBNK/Documents/Wilfried/ProjetInfo/WebSchool4/src/java/com/tsoft/utils/enumerations/Mois.java</file>
            <file>file:/C:/Users/NanoBNK/Documents/Wilfried/ProjetInfo/WebSchool4/src/java/com/tsoft/utils/enumerations/Sexe.java</file>
            <file>file:/C:/Users/NanoBNK/Documents/Wilfried/ProjetInfo/WebSchool4/src/java/com/tsoft/tree/UniqueConstraintViolationException.java</file>
            <file>file:/C:/Users/NanoBNK/Documents/Wilfried/ProjetInfo/WebSchool4/src/java/com/tsoft/appli/highschool/service/CarteScolaire.java</file>
            <file>file:/C:/Users/NanoBNK/Documents/Wilfried/ProjetInfo/WebSchool4/src/java/com/tsoft/web/model/InputType.java</file>
            <file>file:/C:/Users/NanoBNK/Documents/Wilfried/ProjetInfo/WebSchool4/src/java/com/tsoft/web/model/Tab.java</file>
            <file>file:/C:/Users/NanoBNK/Documents/Wilfried/ProjetInfo/WebSchool4/src/java/com/tsoft/appli/highschool/timetable/service/TimetableController.java</file>
            <file>file:/C:/Users/NanoBNK/Documents/Wilfried/ProjetInfo/WebSchool4/src/java/com/tsoft/web/controller/ProcessController.java</file>
            <file>file:/C:/Users/NanoBNK/Documents/Wilfried/ProjetInfo/WebSchool4/src/java/com/tsoft/utils/web/datatables/JQueryDataTableParamModel.java</file>
            <file>file:/C:/Users/NanoBNK/Documents/Wilfried/ProjetInfo/WebSchool4/src/java/com/tsoft/tree/TreeDao.java</file>
            <file>file:/C:/Users/NanoBNK/Documents/Wilfried/ProjetInfo/WebSchool4/src/java/com/tsoft/appli/highschool/service/ClotureAnneeScolaire.java</file>
            <file>file:/C:/Users/NanoBNK/Documents/Wilfried/ProjetInfo/WebSchool4/src/java/com/tsoft/utils/web/datatables/DataTablesParamUtility.java</file>
            <file>file:/C:/Users/NanoBNK/Documents/Wilfried/ProjetInfo/WebSchool4/src/java/com/tsoft/security/model/Profil.java</file>
            <file>file:/C:/Users/NanoBNK/Documents/Wilfried/ProjetInfo/WebSchool4/src/java/com/tsoft/security/service/ConfigRubriques.java</file>
            <file>file:/C:/Users/NanoBNK/Documents/Wilfried/ProjetInfo/WebSchool4/src/java/com/tsoft/web/controller/DatatablesController.java</file>
            <file>file:/C:/Users/NanoBNK/Documents/Wilfried/ProjetInfo/WebSchool4/src/java/com/tsoft/utils/web/datatables/DatatableColumnModel.java</file>
            <file>file:/C:/Users/NanoBNK/Documents/Wilfried/ProjetInfo/WebSchool4/src/java/com/tsoft/appli/highschool/timetable/service/CoursController.java</file>
            <file>file:/C:/Users/NanoBNK/Documents/Wilfried/ProjetInfo/WebSchool4/src/java/com/tsoft/web/converter/JoinColumnConverter.java</file>
            <file>file:/C:/Users/NanoBNK/Documents/Wilfried/ProjetInfo/WebSchool4/src/java/com/tsoft/appli/highschool/reports/bulletin/seq/BulletinSeqAll.java</file>
            <file>file:/C:/Users/NanoBNK/Documents/Wilfried/ProjetInfo/WebSchool4/src/java/com/tsoft/web/model/RubriqueModel.java</file>
            <file>file:/C:/Users/NanoBNK/Documents/Wilfried/ProjetInfo/WebSchool4/src/java/com/tsoft/security/model/PersonMoral.java</file>
            <file>file:/C:/Users/NanoBNK/Documents/Wilfried/ProjetInfo/WebSchool4/src/java/com/tsoft/utils/enumerations/StatutMatrimonial.java</file>
            <file>file:/C:/Users/NanoBNK/Documents/Wilfried/ProjetInfo/WebSchool4/src/java/com/tsoft/service/process/EmptyReportProcess.java</file>
            <file>file:/C:/Users/NanoBNK/Documents/Wilfried/ProjetInfo/WebSchool4/src/java/com/tsoft/security/model/Person.java</file>
            <file>file:/C:/Users/NanoBNK/Documents/Wilfried/ProjetInfo/WebSchool4/src/java/com/tsoft/web/controller/UserController.java</file>
            <file>file:/C:/Users/NanoBNK/Documents/Wilfried/ProjetInfo/WebSchool4/src/java/com/tsoft/security/model/Droit.java</file>
            <file>file:/C:/Users/NanoBNK/Documents/Wilfried/ProjetInfo/WebSchool4/src/java/com/tsoft/web/controller/exceptions/CustomHandlerExceptionResolver.java</file>
            <file>file:/C:/Users/NanoBNK/Documents/Wilfried/ProjetInfo/WebSchool4/src/java/com/tsoft/web/model/FormModel.java</file>
            <file>file:/C:/Users/NanoBNK/Documents/Wilfried/ProjetInfo/WebSchool4/src/java/com/tsoft/appli/highschool/model/Eleve.java</file>
            <file>file:/C:/Users/NanoBNK/Documents/Wilfried/ProjetInfo/WebSchool4/src/java/com/tsoft/security/model/Services.java</file>
            <file>file:/C:/Users/NanoBNK/Documents/Wilfried/ProjetInfo/WebSchool4/src/java/com/tsoft/utils/web/FieldUtils.java</file>
            <file>file:/C:/Users/NanoBNK/Documents/Wilfried/ProjetInfo/WebSchool4/src/java/com/tsoft/web/controller/ModelController.java</file>
            <file>file:/C:/Users/NanoBNK/Documents/Wilfried/ProjetInfo/WebSchool4/src/java/com/tsoft/appli/highschool/service/CarteScolaireAll.java</file>
            <file>file:/C:/Users/NanoBNK/Documents/Wilfried/ProjetInfo/WebSchool4/src/java/com/tsoft/web/converter/RubriquePropertyEditor.java</file>
            <file>file:/C:/Users/NanoBNK/Documents/Wilfried/ProjetInfo/WebSchool4/src/java/com/tsoft/appli/highschool/reports/bulletin/annuel/BulletinAnnuel.java</file>
            <file>file:/C:/Users/NanoBNK/Documents/Wilfried/ProjetInfo/WebSchool4/src/java/com/tsoft/test/service/TDATE.java</file>
            <file>file:/C:/Users/NanoBNK/Documents/Wilfried/ProjetInfo/WebSchool4/src/java/com/tsoft/annotations/form/Fichier.java</file>
            <file>file:/C:/Users/NanoBNK/Documents/Wilfried/ProjetInfo/WebSchool4/src/java/com/tsoft/utils/StringUtils.java</file>
            <file>file:/C:/Users/NanoBNK/Documents/Wilfried/ProjetInfo/WebSchool4/src/java/com/tsoft/security/model/PersonSuperClass.java</file>
            <file>file:/C:/Users/NanoBNK/Documents/Wilfried/ProjetInfo/WebSchool4/src/java/com/tsoft/appli/highschool/exams/service/CoefficientController.java</file>
            <file>file:/C:/Users/NanoBNK/Documents/Wilfried/ProjetInfo/WebSchool4/src/java/com/tsoft/annotations/form/Select.java</file>
            <file>file:/C:/Users/NanoBNK/Documents/Wilfried/ProjetInfo/WebSchool4/src/java/com/tsoft/appli/highschool/reports/bulletin/tri/BulletinTriAll.java</file>
            <file>file:/C:/Users/NanoBNK/Documents/Wilfried/ProjetInfo/WebSchool4/src/java/com/tsoft/security/model/Icon.java</file>
            <file>file:/C:/Users/NanoBNK/Documents/Wilfried/ProjetInfo/WebSchool4/src/java/com/tsoft/annotations/form/DoubleSelect.java</file>
            <file>file:/C:/Users/NanoBNK/Documents/Wilfried/ProjetInfo/WebSchool4/src/java/com/tsoft/web/init/InitData.java</file>
            <file>file:/C:/Users/NanoBNK/Documents/Wilfried/ProjetInfo/WebSchool4/src/java/com/tsoft/appli/highschool/timetable/service/CoursGraphColoring.java</file>
            <file>file:/C:/Users/NanoBNK/Documents/Wilfried/ProjetInfo/WebSchool4/src/java/com/tsoft/web/filter/CORSFilter.java</file>
            <file>file:/C:/Users/NanoBNK/Documents/Wilfried/ProjetInfo/WebSchool4/src/java/com/tsoft/utils/enumerations/Permission.java</file>
            <file>file:/C:/Users/NanoBNK/Documents/Wilfried/ProjetInfo/WebSchool4/src/java/com/tsoft/security/model/superclass/LifeCycleEntity.java</file>
            <file>file:/C:/Users/NanoBNK/Documents/Wilfried/ProjetInfo/WebSchool4/src/java/com/tsoft/appli/highschool/finances/service/RecuVersement.java</file>
            <file>file:/C:/Users/NanoBNK/Documents/Wilfried/ProjetInfo/WebSchool4/src/java/com/tsoft/security/model/UserProfil.java</file>
            <file>file:/C:/Users/NanoBNK/Documents/Wilfried/ProjetInfo/WebSchool4/src/java/com/tsoft/web/controller/RelationController.java</file>
            <file>file:/C:/Users/NanoBNK/Documents/Wilfried/ProjetInfo/WebSchool4/src/java/com/tsoft/tree/TreeNode.java</file>
            <file>file:/C:/Users/NanoBNK/Documents/Wilfried/ProjetInfo/WebSchool4/src/java/com/tsoft/web/init/DemoData.java</file>
            <file>file:/C:/Users/NanoBNK/Documents/Wilfried/ProjetInfo/WebSchool4/src/java/com/tsoft/appli/highschool/finances/service/EtatCaissePeriode.java</file>
            <file>file:/C:/Users/NanoBNK/Documents/Wilfried/ProjetInfo/WebSchool4/src/java/com/tsoft/appli/highschool/reports/bulletin/annuel/BulletinAnnuelAll.java</file>
            <file>file:/C:/Users/NanoBNK/Documents/Wilfried/ProjetInfo/WebSchool4/src/java/com/tsoft/appli/highschool/reports/bulletin/tri/BulletinTri.java</file>
            <file>file:/C:/Users/NanoBNK/Documents/Wilfried/ProjetInfo/WebSchool4/src/java/com/tsoft/web/model/ListDTO.java</file>
            <file>file:/C:/Users/NanoBNK/Documents/Wilfried/ProjetInfo/WebSchool4/src/java/com/tsoft/dao/hibernate/service/HibernateService.java</file>
            <file>file:/C:/Users/NanoBNK/Documents/Wilfried/ProjetInfo/WebSchool4/src/java/com/tsoft/utils/DateUtils.java</file>
            <file>file:/C:/Users/NanoBNK/Documents/Wilfried/ProjetInfo/WebSchool4/src/java/com/tsoft/web/init/WebAppInitializer.java</file>
            <file>file:/C:/Users/NanoBNK/Documents/Wilfried/ProjetInfo/WebSchool4/src/java/com/tsoft/web/model/ListModel.java</file>
            <file>file:/C:/Users/NanoBNK/Documents/Wilfried/ProjetInfo/WebSchool4/src/java/com/tsoft/appli/highschool/exams/service/ReportExam.java</file>
            <file>file:/C:/Users/NanoBNK/Documents/Wilfried/ProjetInfo/WebSchool4/src/java/com/tsoft/tree/nestedsets/NestedSetsTreeNode.java</file>
            <file>file:/C:/Users/NanoBNK/Documents/Wilfried/ProjetInfo/WebSchool4/src/java/com/tsoft/web/converter/FileConverter.java</file>
            <file>file:/C:/Users/NanoBNK/Documents/Wilfried/ProjetInfo/WebSchool4/src/java/com/tsoft/security/model/Rubrique.java</file>
            <file>file:/C:/Users/NanoBNK/Documents/Wilfried/ProjetInfo/WebSchool4/src/java/com/tsoft/tree/UniqueTreeConstraint.java</file>
            <file>file:/C:/Users/NanoBNK/Documents/Wilfried/ProjetInfo/WebSchool4/src/java/com/tsoft/web/model/SelectModel.java</file>
            <file>file:/C:/Users/NanoBNK/Documents/Wilfried/ProjetInfo/WebSchool4/src/java/database.properties</file>
            <file>file:/C:/Users/NanoBNK/Documents/Wilfried/ProjetInfo/WebSchool4/src/java/com/tsoft/appli/highschool/reports/bulletin/seq/BulletinSeq.java</file>
            <file>file:/C:/Users/NanoBNK/Documents/Wilfried/ProjetInfo/WebSchool4/src/java/com/tsoft/utils/enumerations/TypeService.java</file>
            <file>file:/C:/Users/NanoBNK/Documents/Wilfried/ProjetInfo/WebSchool4/src/java/com/tsoft/security/model/Menu.java</file>
        </group>
    </open-files>
</project-private>
